"","tag","treatment","grid","site","status","seed"
"1",502,"B",1,"TAIL","normal","1"
"2",503,"A",1,"TAIL","no pipe","10"
"3",504,"B",1,"TAIL","normal","0"
"4",506,"B",1,"TAIL","zero","0"
"5",507,"A",1,"TAIL","no pipe","12"
"6",508,"B",1,"TAIL","zero","0"
"7",509,"A",1,"TAIL","normal","35"
"8",510,"B",1,"TAIL","zero","0"
"9",511,"A",1,"TAIL","zero","0"
"10",512,"B",1,"TAIL","normal","1"
"11",513,"A",1,"TAIL","normal","10"
"12",514,"B",1,"TAIL","zero","0"
"13",516,"B",1,"TAIL","zero","0"
"14",518,"B",1,"TAIL","zero","0"
"15",521,"A",1,"TAIL","normal","12"
"16",522,"B",1,"TAIL","normal","4"
"17",523,"A",1,"TAIL","zero","0"
"18",528,"B",1,"TAIL","normal","36"
"19",530,"B",1,"TAIL","zero","0"
"20",531,"A",1,"TAIL","zero","0"
"21",532,"B",1,"TAIL","zero","0"
"22",533,"A",1,"TAIL","normal","17"
"23",534,"B",1,"TAIL","zero","0"
"24",535,"A",1,"TAIL","normal","15"
"25",536,"B",1,"TAIL","zero","0"
"26",537,"A",1,"TAIL","zero","0"
"27",538,"B",1,"TAIL","normal","14"
"28",539,"A",1,"TAIL","no pipe","0"
"29",540,"B",1,"TAIL","normal","6"
"30",541,"A",1,"TAIL","zero","0"
"31",542,"B",1,"TAIL","zero","0"
"32",544,"B",1,"TAIL","zero","0"
"33",545,"A",1,"TAIL","zero","0"
"34",546,"B",1,"TAIL","normal","20"
"35",547,"A",1,"TAIL","zero","0"
"36",548,"B",1,"TAIL","zero","0"
"37",549,"A",1,"TAIL","zero","0"
"38",602,"B",2,"TAIL","normal","4"
"39",603,"A",2,"TAIL","normal","1"
"40",606,"B",2,"TAIL","normal","8"
"41",607,"A",2,"TAIL","zero","0"
"42",608,"B",2,"TAIL","normal","7"
"43",609,"A",2,"TAIL","normal","46"
"44",610,"B",2,"TAIL","normal","2"
"45",611,"A",2,"TAIL","normal","16"
"46",612,"B",2,"TAIL","zero","0"
"47",613,"A",2,"TAIL","normal","16"
"48",614,"B",2,"TAIL","zero","0"
"49",615,"A",2,"TAIL","zero","0"
"50",616,"B",2,"TAIL","zero","0"
"51",617,"A",2,"TAIL","normal","48"
"52",618,"B",2,"TAIL","zero","0"
"53",622,"B",2,"TAIL","zero","0"
"54",624,"B",2,"TAIL","zero","0"
"55",625,"A",2,"TAIL","no pipe","9"
"56",626,"B",2,"TAIL","zero","0"
"57",627,"A",2,"TAIL","normal","10"
"58",628,"B",2,"TAIL","normal","0"
"59",629,"A",2,"TAIL","zero","0"
"60",630,"B",2,"TAIL","zero","0"
"61",631,"A",2,"TAIL","normal","8"
"62",635,"A",2,"TAIL","normal","8"
"63",636,"B",2,"TAIL","zero","0"
"64",637,"A",2,"TAIL","normal","7"
"65",638,"B",2,"TAIL","zero","0"
"66",642,"B",2,"TAIL","zero","0"
"67",646,"B",2,"TAIL","zero","0"
"68",647,"A",2,"TAIL","normal","7"
"69",648,"B",2,"TAIL","no pipe","17"
"70",650,"B",2,"TAIL","no pipe","5"
"71",551,"A",5,"TAIL","zero","0"
"72",553,"A",5,"TAIL","zero","0"
"73",554,"B",5,"TAIL","zero","0"
"74",555,"A",5,"TAIL","zero","0"
"75",556,"B",5,"TAIL","zero","0"
"76",558,"B",5,"TAIL","zero","0"
"77",559,"A",5,"TAIL","zero","0"
"78",560,"B",5,"TAIL","zero","0"
"79",561,"A",5,"TAIL","zero","0"
"80",562,"B",5,"TAIL","zero","0"
"81",563,"A",5,"TAIL","zero","0"
"82",564,"B",5,"TAIL","zero","0"
"83",565,"A",5,"TAIL","zero","0"
"84",566,"B",5,"TAIL","zero","0"
"85",567,"A",5,"TAIL","zero","0"
"86",568,"B",5,"TAIL","normal","12"
"87",569,"A",5,"TAIL","zero","0"
"88",570,"B",5,"TAIL","normal","7"
"89",571,"A",5,"TAIL","zero","0"
"90",572,"B",5,"TAIL","zero","0"
"91",573,"A",5,"TAIL","zero","0"
"92",574,"B",5,"TAIL","zero","0"
"93",575,"A",5,"TAIL","zero","0"
"94",576,"B",5,"TAIL","zero","0"
"95",578,"B",5,"TAIL","zero","0"
"96",579,"A",5,"TAIL","zero","0"
"97",580,"B",5,"TAIL","zero","0"
"98",581,"A",5,"TAIL","normal","11"
"99",582,"B",5,"TAIL","zero","0"
"100",583,"A",5,"TAIL","zero","0"
"101",584,"B",5,"TAIL","zero","0"
"102",585,"A",5,"TAIL","no pipe","0"
"103",586,"B",5,"TAIL","zero","0"
"104",587,"A",5,"TAIL","zero","0"
"105",588,"B",5,"TAIL","normal","16"
"106",589,"A",5,"TAIL","no pipe","0"
"107",590,"B",5,"TAIL","normal","2"
"108",591,"A",5,"TAIL","normal","50"
"109",593,"A",5,"TAIL","no pipe","0"
"110",594,"B",5,"TAIL","zero","0"
"111",595,"A",5,"TAIL","no pipe","0"
"112",596,"B",5,"TAIL","zero","0"
"113",597,"A",5,"TAIL","normal","14"
"114",599,"A",5,"TAIL","zero","0"
"115",551,"A",6,"WHIT","normal","15"
"116",552,"B",6,"WHIT","zero","0"
"117",553,"A",6,"WHIT","normal","12"
"118",554,"B",6,"WHIT","zero","0"
"119",555,"A",6,"WHIT","normal","6"
"120",556,"B",6,"WHIT","normal","2"
"121",557,"A",6,"WHIT","zero","0"
"122",558,"B",6,"WHIT","normal","2"
"123",559,"A",6,"WHIT","normal","6"
"124",560,"B",6,"WHIT","normal","4"
"125",561,"A",6,"WHIT","normal","2"
"126",562,"B",6,"WHIT","normal","4"
"127",563,"A",6,"WHIT","zero","0"
"128",564,"B",6,"WHIT","normal","1"
"129",565,"A",6,"WHIT","zero","0"
"130",566,"B",6,"WHIT","zero","0"
"131",567,"A",6,"WHIT","normal","6"
"132",568,"B",6,"WHIT","zero","0"
"133",569,"A",6,"WHIT","zero","0"
"134",570,"B",6,"WHIT","normal","1"
"135",571,"A",6,"WHIT","normal","5"
"136",572,"B",6,"WHIT","normal","0"
"137",573,"A",6,"WHIT","zero","0"
"138",574,"B",6,"WHIT","normal","1"
"139",575,"A",6,"WHIT","zero","0"
"140",576,"B",6,"WHIT","zero","0"
"141",577,"A",6,"WHIT","zero","0"
"142",578,"B",6,"WHIT","normal","5"
"143",579,"A",6,"WHIT","zero","0"
"144",580,"B",6,"WHIT","normal","7"
"145",581,"A",6,"WHIT","normal","5"
"146",582,"B",6,"WHIT","normal","6"
"147",583,"A",6,"WHIT","normal","8"
"148",584,"B",6,"WHIT","zero","0"
"149",585,"A",6,"WHIT","normal","14"
"150",586,"B",6,"WHIT","zero","0"
"151",588,"B",6,"WHIT","normal","2"
"152",589,"A",6,"WHIT","normal","13"
"153",591,"A",6,"WHIT","normal","5"
"154",592,"B",6,"WHIT","zero","0"
"155",593,"A",6,"WHIT","normal","6"
"156",594,"B",6,"WHIT","normal","4"
"157",595,"A",6,"WHIT","zero","0"
"158",597,"A",6,"WHIT","zero","0"
"159",598,"B",6,"WHIT","normal","2"
"160",599,"A",6,"WHIT","zero","0"
"161",600,"B",6,"WHIT","normal","5"
"162",651,"A",9,"WHIT","zero","0"
"163",652,"B",9,"WHIT","normal","10"
"164",653,"A",9,"WHIT","zero","0"
"165",654,"B",9,"WHIT","zero","0"
"166",655,"A",9,"WHIT","normal","14"
"167",656,"B",9,"WHIT","normal","0"
"168",657,"A",9,"WHIT","normal","6"
"169",658,"B",9,"WHIT","zero","0"
"170",660,"B",9,"WHIT","zero","0"
"171",662,"B",9,"WHIT","zero","0"
"172",664,"B",9,"WHIT","normal","4"
"173",665,"A",9,"WHIT","zero","0"
"174",666,"B",9,"WHIT","zero","0"
"175",667,"A",9,"WHIT","zero","0"
"176",668,"B",9,"WHIT","zero","0"
"177",669,"A",9,"WHIT","normal","27"
"178",670,"B",9,"WHIT","normal","8"
"179",671,"A",9,"WHIT","normal","4"
"180",672,"B",9,"WHIT","zero","0"
"181",673,"A",9,"WHIT","normal","26"
"182",674,"B",9,"WHIT","zero","0"
"183",675,"A",9,"WHIT","zero","0"
"184",676,"B",9,"WHIT","zero","0"
"185",677,"A",9,"WHIT","normal","9"
"186",678,"B",9,"WHIT","normal","11"
"187",680,"B",9,"WHIT","normal","11"
"188",681,"A",9,"WHIT","normal","3"
"189",682,"B",9,"WHIT","normal","4"
"190",683,"A",9,"WHIT","zero","0"
"191",684,"B",9,"WHIT","zero","0"
"192",685,"A",9,"WHIT","normal","20"
"193",686,"B",9,"WHIT","zero","0"
"194",687,"A",9,"WHIT","zero","0"
"195",688,"B",9,"WHIT","zero","0"
"196",689,"A",9,"WHIT","zero","-"
"197",690,"B",9,"WHIT","normal","9"
"198",691,"A",9,"WHIT","normal","9"
"199",692,"B",9,"WHIT","normal","2"
"200",693,"A",9,"WHIT","zero","0"
"201",694,"B",9,"WHIT","zero","0"
"202",695,"A",9,"WHIT","zero","0"
"203",696,"B",9,"WHIT","zero","0"
"204",697,"A",9,"WHIT","normal","20"
"205",698,"B",9,"WHIT","zero","0"
"206",699,"A",9,"WHIT","normal","32"
"207",700,"B",9,"WHIT","zero","0"
"208",701,"A",8,"WHIT","zero","0"
"209",702,"B",8,"WHIT","zero","0"
"210",703,"A",8,"WHIT","normal","5"
"211",704,"B",8,"WHIT","zero","0"
"212",705,"A",8,"WHIT","normal","21"
"213",706,"B",8,"WHIT","normal","9"
"214",707,"A",8,"WHIT","zero","0"
"215",708,"B",8,"WHIT","zero","0"
"216",709,"A",8,"WHIT","normal","10"
"217",710,"B",8,"WHIT","zero","0"
"218",711,"A",8,"WHIT","normal","10"
"219",712,"B",8,"WHIT","normal","4"
"220",713,"A",8,"WHIT","zero","0"
"221",714,"B",8,"WHIT","zero","0"
"222",715,"A",8,"WHIT","normal","15"
"223",716,"B",8,"WHIT","normal","4"
"224",717,"A",8,"WHIT","zero","0"
"225",718,"B",8,"WHIT","zero","0"
"226",719,"A",8,"WHIT","zero","0"
"227",721,"A",8,"WHIT","zero","0"
"228",722,"B",8,"WHIT","zero","0"
"229",723,"A",8,"WHIT","normal","30"
"230",724,"B",8,"WHIT","zero","0"
"231",725,"A",8,"WHIT","normal","9"
"232",726,"B",8,"WHIT","zero","0"
"233",729,"A",8,"WHIT","normal","6"
"234",730,"B",8,"WHIT","zero","0"
"235",731,"A",8,"WHIT","zero","0"
"236",733,"A",8,"WHIT","normal","14"
"237",734,"B",8,"WHIT","normal","2"
"238",735,"A",8,"WHIT","normal","57"
"239",736,"B",8,"WHIT","normal","1"
"240",737,"A",8,"WHIT","zero","0"
"241",738,"B",8,"WHIT","normal","4"
"242",739,"A",8,"WHIT","zero","0"
"243",740,"B",8,"WHIT","zero","0"
"244",742,"B",8,"WHIT","zero","0"
"245",743,"A",8,"WHIT","no pipe","0"
"246",744,"B",8,"WHIT","zero","0"
"247",745,"A",8,"WHIT","normal","37"
"248",746,"B",8,"WHIT","zero","0"
"249",747,"A",8,"WHIT","normal","22"
"250",748,"B",8,"WHIT","normal","19"
"251",749,"A",8,"WHIT","zero","0"
"252",750,"B",8,"WHIT","zero","0"
"253",751,"A",16,"LM","normal","3"
"254",753,"A",16,"LM","zero","0"
"255",754,"B",16,"LM","zero","0"
"256",755,"A",16,"LM","zero","0"
"257",756,"B",16,"LM","zero","0"
"258",757,"A",16,"LM","normal","25"
"259",758,"B",16,"LM","normal","1"
"260",759,"A",16,"LM","zero","0"
"261",760,"B",16,"LM","normal","6"
"262",761,"A",16,"LM","normal","14"
"263",762,"B",16,"LM","normal","26"
"264",763,"A",16,"LM","zero","0"
"265",764,"B",16,"LM","normal","12"
"266",765,"A",16,"LM","zero","0"
"267",766,"B",16,"LM","normal","4"
"268",767,"A",16,"LM","zero","0"
"269",768,"B",16,"LM","normal","2"
"270",769,"A",16,"LM","normal","0"
"271",770,"B",16,"LM","normal","3"
"272",771,"A",16,"LM","normal","13"
"273",772,"B",16,"LM","zero","0"
"274",773,"A",16,"LM","normal","28"
"275",774,"B",16,"LM","zero","0"
"276",775,"A",16,"LM","zero","0"
"277",776,"B",16,"LM","normal","4"
"278",777,"A",16,"LM","normal","25"
"279",778,"B",16,"LM","normal","3"
"280",779,"A",16,"LM","normal","10"
"281",782,"B",16,"LM","zero","0"
"282",783,"A",16,"LM","normal","26"
"283",784,"B",16,"LM","normal","0"
"284",785,"A",16,"LM","normal","53"
"285",786,"B",16,"LM","zero","0"
"286",787,"A",16,"LM","zero","0"
"287",788,"B",16,"LM","zero","0"
"288",789,"A",16,"LM","zero","0"
"289",790,"B",16,"LM","zero","0"
"290",791,"A",16,"LM","no pipe","0"
"291",792,"B",16,"LM","zero","0"
"292",793,"A",16,"LM","zero","0"
"293",794,"B",16,"LM","normal","0"
"294",795,"A",16,"LM","zero","0"
"295",796,"B",16,"LM","zero","0"
"296",797,"A",16,"LM","zero","0"
"297",798,"B",16,"LM","zero","0"
"298",799,"A",16,"LM","normal","11"
"299",800,"B",16,"LM","zero","0"
"300",801,"A",17,"LM","zero","0"
"301",802,"B",17,"LM","normal","2"
"302",803,"A",17,"LM","normal","0"
"303",804,"B",17,"LM","normal","0"
"304",805,"A",17,"LM","zero","0"
"305",806,"B",17,"LM","normal","4"
"306",807,"A",17,"LM","normal","5"
"307",808,"B",17,"LM","zero","0"
"308",809,"A",17,"LM","normal","7"
"309",810,"B",17,"LM","zero","0"
"310",811,"A",17,"LM","normal","3"
"311",812,"B",17,"LM","normal","1"
"312",813,"A",17,"LM","normal","2"
"313",814,"B",17,"LM","normal","1"
"314",815,"A",17,"LM","zero","0"
"315",816,"B",17,"LM","normal","1"
"316",817,"A",17,"LM","normal","3"
"317",818,"B",17,"LM","zero","0"
"318",819,"A",17,"LM","normal","6"
"319",820,"B",17,"LM","normal","3"
"320",821,"A",17,"LM","zero","0"
"321",823,"A",17,"LM","normal","2"
"322",824,"B",17,"LM","zero","0"
"323",825,"A",17,"LM","normal","8"
"324",826,"B",17,"LM","zero","0"
"325",828,"B",17,"LM","zero","0"
"326",829,"A",17,"LM","normal","2"
"327",830,"B",17,"LM","zero","0"
"328",832,"B",17,"LM","normal","0"
"329",833,"A",17,"LM","zero","0"
"330",834,"B",17,"LM","normal","1"
"331",835,"A",17,"LM","normal","5"
"332",836,"B",17,"LM","zero","0"
"333",837,"A",17,"LM","normal","8"
"334",838,"B",17,"LM","zero","0"
"335",839,"A",17,"LM","no pipe","0"
"336",840,"B",17,"LM","normal","0"
"337",841,"A",17,"LM","normal","10"
"338",842,"B",17,"LM","normal","2"
"339",843,"A",17,"LM","normal","6"
"340",844,"B",17,"LM","zero","0"
"341",845,"A",17,"LM","zero","0"
"342",846,"B",17,"LM","zero","0"
"343",847,"A",17,"LM","zero","0"
"344",848,"B",17,"LM","normal","0"
"345",849,"A",17,"LM","normal","3"
"346",851,"A",19,"LM","zero","0"
"347",852,"B",19,"LM","normal","3"
"348",853,"A",19,"LM","normal","6"
"349",854,"B",19,"LM","normal","4"
"350",855,"A",19,"LM","normal","4"
"351",857,"A",19,"LM","no pipe","0"
"352",862,"B",19,"LM","normal","3"
"353",864,"B",19,"LM","normal","0"
"354",866,"B",19,"LM","normal","2"
"355",867,"A",19,"LM","normal","17"
"356",868,"B",19,"LM","zero","0"
"357",870,"B",19,"LM","zero","0"
"358",871,"A",19,"LM","normal","0"
"359",872,"B",19,"LM","normal","1"
"360",873,"A",19,"LM","normal","3"
"361",874,"B",19,"LM","normal","6"
"362",875,"A",19,"LM","normal","37"
"363",876,"B",19,"LM","zero","0"
"364",879,"A",19,"LM","normal","5"
"365",880,"B",19,"LM","zero","0"
"366",882,"B",19,"LM","normal","4"
"367",884,"B",19,"LM","zero","0"
"368",885,"A",19,"LM","normal","3"
"369",887,"A",19,"LM","zero","0"
"370",888,"B",19,"LM","zero","0"
"371",889,"A",19,"LM","normal","20"
"372",890,"B",19,"LM","zero","0"
"373",891,"A",19,"LM","normal","10"
"374",892,"B",19,"LM","normal","4"
"375",893,"A",19,"LM","normal","17"
"376",894,"B",19,"LM","zero","0"
"377",895,"A",19,"LM","zero","0"
"378",896,"B",19,"LM","zero","0"
"379",900,"B",19,"LM","normal","6"
"380",701,"A",15,"HUT","zero","0"
"381",702,"B",15,"HUT","zero","0"
"382",703,"A",15,"HUT","zero","0"
"383",704,"B",15,"HUT","zero","0"
"384",705,"A",15,"HUT","normal","44"
"385",706,"B",15,"HUT","zero","0"
"386",707,"A",15,"HUT","zero","0"
"387",708,"B",15,"HUT","normal","7"
"388",709,"A",15,"HUT","normal","29"
"389",710,"B",15,"HUT","normal","3"
"390",711,"A",15,"HUT","zero","0"
"391",712,"B",15,"HUT","zero","0"
"392",713,"A",15,"HUT","zero","0"
"393",714,"B",15,"HUT","normal","3"
"394",715,"A",15,"HUT","normal","9"
"395",716,"B",15,"HUT","normal","2"
"396",717,"A",15,"HUT","normal","9"
"397",718,"B",15,"HUT","zero","0"
"398",720,"B",15,"HUT","zero","0"
"399",721,"A",15,"HUT","zero","0"
"400",722,"B",15,"HUT","zero","0"
"401",723,"A",15,"HUT","zero","0"
"402",724,"B",15,"HUT","normal","11"
"403",725,"A",15,"HUT","normal","26"
"404",726,"B",15,"HUT","zero","0"
"405",728,"B",15,"HUT","zero","0"
"406",729,"A",15,"HUT","normal","19"
"407",730,"B",15,"HUT","zero","0"
"408",731,"A",15,"HUT","zero","0"
"409",732,"B",15,"HUT","normal","5"
"410",733,"A",15,"HUT","no pipe","0"
"411",734,"B",15,"HUT","normal","1"
"412",735,"A",15,"HUT","zero","0"
"413",736,"B",15,"HUT","zero","0"
"414",738,"B",15,"HUT","zero","0"
"415",739,"A",15,"HUT","zero","0"
"416",740,"B",15,"HUT","zero","0"
"417",741,"A",15,"HUT","zero","0"
"418",742,"B",15,"HUT","zero","0"
"419",743,"A",15,"HUT","normal","6"
"420",744,"B",15,"HUT","zero","0"
"421",745,"A",15,"HUT","normal","49"
"422",746,"B",15,"HUT","zero","0"
"423",747,"A",15,"HUT","normal","44"
"424",748,"B",15,"HUT","zero","0"
"425",749,"A",15,"HUT","normal","10"
"426",750,"B",15,"HUT","zero","0"
"427",651,"A",14,"HUT","normal","14"
"428",652,"B",14,"HUT","zero","0"
"429",653,"A",14,"HUT","normal","63"
"430",654,"B",14,"HUT","zero","0"
"431",655,"A",14,"HUT","normal","9"
"432",656,"B",14,"HUT","zero","0"
"433",657,"A",14,"HUT","no pipe","41"
"434",658,"B",14,"HUT","normal","1"
"435",659,"A",14,"HUT","zero","0"
"436",660,"B",14,"HUT","normal","4"
"437",661,"A",14,"HUT","normal","28"
"438",662,"B",14,"HUT","zero","0"
"439",663,"A",14,"HUT","normal","3"
"440",664,"B",14,"HUT","zero","0"
"441",665,"A",14,"HUT","zero","0"
"442",666,"B",14,"HUT","zero","0"
"443",667,"A",14,"HUT","no pipe","0"
"444",668,"B",14,"HUT","zero","0"
"445",669,"A",14,"HUT","normal","1"
"446",670,"B",14,"HUT","normal","2"
"447",671,"A",14,"HUT","no pipe","0"
"448",672,"B",14,"HUT","zero","0"
"449",673,"A",14,"HUT","zero","0"
"450",674,"B",14,"HUT","zero","0"
"451",675,"A",14,"HUT","no pipe","0"
"452",676,"B",14,"HUT","zero","0"
"453",677,"A",14,"HUT","zero","0"
"454",678,"B",14,"HUT","zero","0"
"455",679,"A",14,"HUT","zero","0"
"456",680,"B",14,"HUT","zero","0"
"457",681,"A",14,"HUT","zero","0"
"458",682,"B",14,"HUT","zero","0"
"459",683,"A",14,"HUT","no pipe","4"
"460",684,"B",14,"HUT","zero","0"
"461",685,"A",14,"HUT","normal","18"
"462",686,"B",14,"HUT","zero","0"
"463",687,"A",14,"HUT","normal","82"
"464",688,"B",14,"HUT","normal","22"
"465",690,"B",14,"HUT","zero","0"
"466",691,"A",14,"HUT","normal","0"
"467",692,"B",14,"HUT","normal","0"
"468",693,"A",14,"HUT","no pipe","0"
"469",694,"B",14,"HUT","normal","1"
"470",695,"A",14,"HUT","no pipe","0"
"471",696,"B",14,"HUT","zero","0"
"472",698,"B",14,"HUT","normal","0"
"473",699,"A",14,"HUT","normal","1"
"474",700,"B",14,"HUT","zero","0"
"475",601,"A",11,"HUT","no pipe","0"
"476",602,"B",11,"HUT","normal","1"
"477",603,"A",11,"HUT","normal","9"
"478",605,"A",11,"HUT","normal","22"
"479",606,"B",11,"HUT","zero","0"
"480",607,"A",11,"HUT","zero","0"
"481",608,"B",11,"HUT","normal","5"
"482",609,"A",11,"HUT","no pipe","0"
"483",610,"B",11,"HUT","zero","0"
"484",611,"A",11,"HUT","normal","10"
"485",612,"B",11,"HUT","zero","0"
"486",613,"A",11,"HUT","no pipe","0"
"487",614,"B",11,"HUT","zero","0"
"488",615,"A",11,"HUT","zero","0"
"489",616,"B",11,"HUT","zero","0"
"490",617,"A",11,"HUT","no pipe","0"
"491",618,"B",11,"HUT","zero","0"
"492",619,"A",11,"HUT","zero","0"
"493",620,"B",11,"HUT","normal","3"
"494",621,"A",11,"HUT","normal","2"
"495",622,"B",11,"HUT","normal","2"
"496",623,"A",11,"HUT","zero","0"
"497",624,"B",11,"HUT","zero","0"
"498",625,"A",11,"HUT","normal","13"
"499",626,"B",11,"HUT","zero","0"
"500",627,"A",11,"HUT","normal","6"
"501",628,"B",11,"HUT","zero","0"
"502",629,"A",11,"HUT","zero","0"
"503",630,"B",11,"HUT","normal","3"
"504",631,"A",11,"HUT","normal","14"
"505",632,"B",11,"HUT","zero","0"
"506",633,"A",11,"HUT","no pipe","0"
"507",634,"B",11,"HUT","zero","0"
"508",636,"B",11,"HUT","zero","0"
"509",637,"A",11,"HUT","no pipe","13"
"510",638,"B",11,"HUT","normal","6"
"511",639,"A",11,"HUT","normal","9"
"512",640,"B",11,"HUT","normal","2"
"513",641,"A",11,"HUT","no pipe","0"
"514",643,"A",11,"HUT","no pipe","0"
"515",644,"B",11,"HUT","zero","0"
"516",646,"B",11,"HUT","normal","3"
"517",647,"A",11,"HUT","zero","0"
"518",648,"B",11,"HUT","zero","0"
"519",649,"A",11,"HUT","no pipe","0"
"520",650,"B",11,"HUT","zero","0"
"521",751,"A",NA,"KNOX","normal","18"
"522",752,"B",NA,"KNOX","zero","0"
"523",753,"A",NA,"KNOX","normal","22"
"524",754,"B",NA,"KNOX","zero","0"
"525",755,"A",NA,"KNOX","no pipe","0"
"526",756,"B",NA,"KNOX","zero","0"
"527",757,"A",NA,"KNOX","normal","15"
"528",758,"B",NA,"KNOX","zero","0"
"529",759,"A",NA,"KNOX","no pipe","17"
"530",760,"B",NA,"KNOX","normal","12"
"531",761,"A",NA,"KNOX","normal","14"
"532",762,"B",NA,"KNOX","zero","0"
"533",763,"A",NA,"KNOX","normal","13"
"534",764,"B",NA,"KNOX","zero","0"
"535",765,"A",NA,"KNOX","normal","16"
"536",766,"B",NA,"KNOX","zero","0"
"537",768,"B",NA,"KNOX","zero","0"
"538",769,"A",NA,"KNOX","normal","20"
"539",770,"B",NA,"KNOX","zero","0"
"540",771,"A",NA,"KNOX","normal","20"
"541",772,"B",NA,"KNOX","zero","0"
"542",773,"A",NA,"KNOX","normal","8"
"543",774,"B",NA,"KNOX","zero","0"
"544",776,"B",NA,"KNOX","zero","0"
"545",777,"A",NA,"KNOX","no pipe","0"
"546",778,"B",NA,"KNOX","zero","0"
"547",781,"A",NA,"KNOX","no pipe","0"
"548",782,"B",NA,"KNOX","zero","0"
"549",783,"A",NA,"KNOX","normal","6"
"550",784,"B",NA,"KNOX","zero","0"
"551",785,"A",NA,"KNOX","normal","13"
"552",786,"B",NA,"KNOX","zero","0"
"553",787,"A",NA,"KNOX","normal","14"
"554",788,"B",NA,"KNOX","zero","0"
"555",790,"B",NA,"KNOX","zero","0"
"556",791,"A",NA,"KNOX","normal","0"
"557",792,"B",NA,"KNOX","zero","0"
"558",793,"A",NA,"KNOX","normal","3"
"559",794,"B",NA,"KNOX","zero","0"
"560",795,"A",NA,"KNOX","normal","12"
"561",796,"B",NA,"KNOX","zero","0"
"562",799,"A",NA,"KNOX","zero","0"
"563",800,"B",NA,"KNOX","zero","0"
"564",801,"A",NA,"KNOX","normal","63"
"565",802,"B",NA,"KNOX","zero","0"
"566",803,"A",NA,"KNOX","normal","10"
"567",804,"B",NA,"KNOX","normal","3"
"568",805,"A",NA,"KNOX","normal","17"
"569",806,"B",NA,"KNOX","zero","0"
"570",807,"A",NA,"KNOX","normal","12"
"571",809,"A",NA,"KNOX","normal","37"
"572",810,"B",NA,"KNOX","zero","0"
"573",811,"A",NA,"KNOX","normal","20"
"574",812,"B",NA,"KNOX","zero","0"
"575",813,"A",NA,"KNOX","normal","29"
"576",814,"B",NA,"KNOX","normal","0"
"577",815,"A",NA,"KNOX","normal","53"
"578",816,"B",NA,"KNOX","zero","0"
"579",817,"A",NA,"KNOX","normal","9"
"580",818,"B",NA,"KNOX","normal","1"
"581",819,"A",NA,"KNOX","zero","0"
"582",820,"B",NA,"KNOX","zero","0"
"583",821,"A",NA,"KNOX","normal","11"
"584",822,"B",NA,"KNOX","zero","0"
"585",823,"A",NA,"KNOX","normal","47"
"586",824,"B",NA,"KNOX","zero","0"
"587",826,"B",NA,"KNOX","zero","0"
"588",827,"A",NA,"KNOX","zero","0"
"589",828,"B",NA,"KNOX","zero","0"
"590",829,"A",NA,"KNOX","normal","20"
"591",830,"B",NA,"KNOX","zero","0"
"592",831,"A",NA,"KNOX","zero","0"
"593",832,"B",NA,"KNOX","zero","0"
"594",833,"A",NA,"KNOX","zero","0"
"595",834,"B",NA,"KNOX","zero","0"
"596",835,"A",NA,"KNOX","normal","26"
"597",836,"B",NA,"KNOX","zero","0"
"598",837,"A",NA,"KNOX","no pipe","0"
"599",838,"B",NA,"KNOX","zero","0"
"600",839,"A",NA,"KNOX","normal","21"
"601",840,"B",NA,"KNOX","normal","4"
"602",842,"B",NA,"KNOX","zero","0"
"603",843,"A",NA,"KNOX","zero","0"
"604",844,"B",NA,"KNOX","normal","0"
"605",845,"A",NA,"KNOX","normal","41"
"606",846,"B",NA,"KNOX","zero","0"
"607",847,"A",NA,"KNOX","normal","14"
"608",848,"B",NA,"KNOX","zero","0"
"609",849,"A",NA,"KNOX","normal","14"
"610",850,"B",NA,"KNOX","zero","0"
"611",851,"A",NA,"KNOX","zero","0"
"612",852,"B",NA,"KNOX","normal","1"
"613",853,"A",NA,"KNOX","zero","0"
"614",854,"B",NA,"KNOX","normal","3"
"615",855,"A",NA,"KNOX","normal","28"
"616",856,"B",NA,"KNOX","zero","0"
"617",858,"B",NA,"KNOX","zero","0"
"618",859,"A",NA,"KNOX","normal","13"
"619",860,"B",NA,"KNOX","normal","3"
"620",861,"A",NA,"KNOX","zero","0"
"621",862,"B",NA,"KNOX","zero","0"
"622",863,"A",NA,"KNOX","normal","0"
"623",864,"B",NA,"KNOX","normal","4"
"624",866,"B",NA,"KNOX","normal","7"
"625",867,"A",NA,"KNOX","zero","0"
"626",868,"B",NA,"KNOX","zero","0"
"627",869,"A",NA,"KNOX","zero","0"
"628",870,"B",NA,"KNOX","zero","0"
"629",871,"A",NA,"KNOX","zero","0"
"630",872,"B",NA,"KNOX","zero","0"
"631",873,"A",NA,"KNOX","normal","3"
"632",874,"B",NA,"KNOX","zero","0"
"633",876,"B",NA,"KNOX","zero","0"
"634",877,"A",NA,"KNOX","zero","0"
"635",878,"B",NA,"KNOX","zero","0"
"636",879,"A",NA,"KNOX","zero","0"
"637",880,"B",NA,"KNOX","normal","4"
"638",881,"A",NA,"KNOX","no pipe","7"
"639",882,"B",NA,"KNOX","zero","0"
"640",886,"B",NA,"KNOX","zero","0"
"641",887,"A",NA,"KNOX","zero","0"
"642",888,"B",NA,"KNOX","zero","0"
"643",889,"A",NA,"KNOX","zero","0"
"644",890,"B",NA,"KNOX","normal","2"
"645",891,"A",NA,"KNOX","normal","3"
"646",892,"B",NA,"KNOX","zero","0"
"647",893,"A",NA,"KNOX","zero","0"
"648",894,"B",NA,"KNOX","zero","0"
"649",900,"B",NA,"KNOX","zero","0"
"650",501,"A",26,"RES","normal","10"
"651",502,"B",26,"RES","normal","2"
"652",504,"B",26,"RES","normal","2"
"653",505,"A",26,"RES","zero","0"
"654",507,"A",26,"RES","zero","0"
"655",508,"B",26,"RES","normal","1"
"656",509,"A",26,"RES","zero","0"
"657",510,"B",26,"RES","zero","0"
"658",511,"A",26,"RES","normal","15"
"659",512,"B",26,"RES","normal","14"
"660",513,"A",26,"RES","normal","3"
"661",515,"A",26,"RES","normal","12"
"662",516,"B",26,"RES","zero","0"
"663",517,"A",26,"RES","normal","3"
"664",518,"B",26,"RES","normal","8"
"665",519,"A",26,"RES","no fruit","0"
"666",520,"B",26,"RES","normal","2"
"667",521,"A",26,"RES","normal","8"
"668",522,"B",26,"RES","zero","0"
"669",523,"A",26,"RES","zero","0"
"670",524,"B",26,"RES","zero","0"
"671",525,"A",26,"RES","normal","10"
"672",526,"B",26,"RES","zero","0"
"673",527,"A",26,"RES","normal","2"
"674",528,"B",26,"RES","normal","5"
"675",529,"A",26,"RES","normal","9"
"676",530,"B",26,"RES","zero","0"
"677",531,"A",26,"RES","zero","0"
"678",532,"B",26,"RES","zero","0"
"679",533,"A",26,"RES","zero","0"
"680",534,"B",26,"RES","normal","2"
"681",535,"A",26,"RES","normal","2"
"682",536,"B",26,"RES","normal","3"
"683",537,"A",26,"RES","zero","0"
"684",538,"B",26,"RES","zero","0"
"685",539,"A",26,"RES","zero","0"
"686",540,"B",26,"RES","zero","0"
"687",541,"A",26,"RES","normal","1"
"688",542,"B",26,"RES","normal","6"
"689",543,"A",26,"RES","normal","1"
"690",544,"B",26,"RES","normal","1"
"691",545,"A",26,"RES","normal","3"
"692",546,"B",26,"RES","zero","0"
"693",547,"A",26,"RES","zero","0"
"694",548,"B",26,"RES","zero","0"
"695",549,"A",26,"RES","zero","0"
"696",550,"B",26,"RES","normal","0"
"697",901,"A",27,"RES","normal","0"
"698",902,"B",27,"RES","normal","7"
"699",903,"A",27,"RES","zero","0"
"700",905,"A",27,"RES","normal","1"
"701",906,"B",27,"RES","normal","1"
"702",907,"A",27,"RES","zero","0"
"703",908,"B",27,"RES","no fruit","0"
"704",909,"A",27,"RES","no fruit","0"
"705",910,"B",27,"RES","no fruit","0"
"706",911,"A",27,"RES","no fruit","0"
"707",912,"B",27,"RES","normal","0"
"708",913,"A",27,"RES","zero","0"
"709",914,"B",27,"RES","no fruit","0"
"710",915,"A",27,"RES","no fruit","0"
"711",916,"B",27,"RES","normal","1"
"712",917,"A",27,"RES","zero","0"
"713",918,"B",27,"RES","normal","3"
"714",919,"A",27,"RES","normal","0"
"715",920,"B",27,"RES","normal","1"
"716",921,"A",27,"RES","zero","0"
"717",922,"B",27,"RES","normal","3"
"718",923,"A",27,"RES","zero","0"
"719",924,"B",27,"RES","normal","1"
"720",925,"A",27,"RES","zero","0"
"721",926,"B",27,"RES","zero","0"
"722",927,"A",27,"RES","normal","2"
"723",928,"B",27,"RES","normal","2"
"724",929,"A",27,"RES","normal","0"
"725",930,"B",27,"RES","zero","0"
"726",931,"A",27,"RES","no pipe","0"
"727",932,"B",27,"RES","zero","0"
"728",933,"A",27,"RES","no fruit","0"
"729",935,"A",27,"RES","no fruit","0"
"730",936,"B",27,"RES","normal","0"
"731",937,"A",27,"RES","no pipe","0"
"732",938,"B",27,"RES","zero","0"
"733",939,"A",27,"RES","zero","0"
"734",940,"B",27,"RES","normal","0"
"735",941,"A",27,"RES","no pipe","0"
"736",942,"B",27,"RES","zero","0"
"737",943,"A",27,"RES","normal","11"
"738",944,"B",27,"RES","normal","4"
"739",945,"A",27,"RES","zero","0"
"740",946,"B",27,"RES","normal","2"
"741",947,"A",27,"RES","zero","0"
"742",948,"B",27,"RES","zero","0"
"743",949,"A",27,"RES","normal","1"
"744",950,"B",27,"RES","normal","1"
"745",951,"A",28,"RES","zero","0"
"746",952,"B",28,"RES","normal","3"
"747",953,"A",28,"RES","zero","0"
"748",954,"B",28,"RES","zero","0"
"749",955,"A",28,"RES","zero","0"
"750",956,"B",28,"RES","normal","4"
"751",957,"A",28,"RES","zero","0"
"752",958,"B",28,"RES","normal","2"
"753",959,"A",28,"RES","normal","4"
"754",960,"B",28,"RES","normal","0"
"755",961,"A",28,"RES","normal","3"
"756",962,"B",28,"RES","normal","2"
"757",963,"A",28,"RES","normal","9"
"758",964,"B",28,"RES","zero","0"
"759",965,"A",28,"RES","zero","0"
"760",966,"B",28,"RES","zero","0"
"761",967,"A",28,"RES","no pipe","0"
"762",968,"B",28,"RES","normal","1"
"763",969,"A",28,"RES","normal","3"
"764",970,"B",28,"RES","normal","2"
"765",971,"A",28,"RES","zero","0"
"766",972,"B",28,"RES","zero","0"
"767",973,"A",28,"RES","no fruit","0"
"768",974,"B",28,"RES","zero","0"
"769",975,"A",28,"RES","normal","0"
"770",976,"B",28,"RES","zero","0"
"771",977,"A",28,"RES","zero","0"
"772",978,"B",28,"RES","no pipe","1"
"773",979,"A",28,"RES","normal","4"
"774",980,"B",28,"RES","zero","0"
"775",981,"A",28,"RES","no pipe","0"
"776",982,"B",28,"RES","zero","0"
"777",983,"A",28,"RES","no pipe","0"
"778",984,"B",28,"RES","normal","6"
"779",985,"A",28,"RES","no pipe","0"
"780",986,"B",28,"RES","no fruit","0"
"781",987,"A",28,"RES","normal","0"
"782",988,"B",28,"RES","normal","1"
"783",989,"A",28,"RES","zero","0"
"784",990,"B",28,"RES","zero","0"
"785",991,"A",28,"RES","zero","0"
"786",992,"B",28,"RES","normal","2"
"787",993,"A",28,"RES","normal","8"
"788",994,"B",28,"RES","normal","1"
"789",995,"A",28,"RES","zero","0"
"790",996,"B",28,"RES","zero","0"
"791",997,"A",28,"RES","no fruit","0"
"792",998,"B",28,"RES","zero","0"
"793",999,"A",28,"RES","normal","1"
"794",1000,"B",28,"RES","normal","4"
